Household Pulse Survey,,,,,,
Data Dictionary for CSV - Week34,,,,,,
,,,,,,
,,,,,,
Instrument Q #,Variable,Description,,Question Wording,Range,Phases / Notes
D1,TBIRTH_YEAR,Description:,Year of birth,What year were you born? Please enter a number.,1933:2003,"1, 2, 3, 3.1, 3.2"
,,Values:,1933-2003,,,Changed Range in January 2021 from 1932:2002
,,Universe:,All person's born before 2003,,,
,,Internal Notes:,Topcoded 1933-2003,,,
Recode of D2,RHISPANIC,Description,Hispanic origin,"Are you of Hispanic, Latino, or Spanish origin? - Selected Choice",1:02,"1, 2, 3, 3.1, 3.2"
,,Values,"1) No, not of Hispanic, Latino, or Spanish origin  
2) Yes, of Hispanic, Latino, or Spanish origin",,,
,,Universe,All person's born before 2003,,,
,,Internal Notes,,,,
Recode of D3,RRACE,Description,Race,What is your race? Please select all that apply. - Selected Choice - White,1:04,"1, 2, 3, 3.1, 3.2"
,,Values,"1) White, Alone
2) Black, Alone
3) Asian, Alone
4) Any other race alone, or race in combination",,,
,,Universe,All person's born before 2003,,,
,,Internal Notes,,,,
D4,EEDUC,Description,Educational attainment,"What is the highest
degree or level of school you have completed? Select
only one answer.",1:07,"1, 2, 3, 3.1, 3.2"
,,Values,"1) Less than high school
2) Some high school
3) High school graduate or equivalent (for example GED)
4) Some college, but degree not received or is in progress
5) Associate’s degree (for example AA, AS)
6) Bachelor's degree (for example BA, BS, AB)
7) Graduate degree (for example master's, professional, doctorate)",,,
,,Universe,All person's born before 2003,,,
,,Internal Notes,,,,
D5,MS,Description,Marital status,"What is your marital
status? Select only one answer.",1:05,"1, 2, 3, 3.1, 3.2"
,,Values,"1) Now married 
2) Widowed
3) Divorced
4) Separated
5) Never married
-99) Question seen but category not selected
-88) Missing / Did not report",,,
,,Universe,All person's born before 2003,,,
,,Internal Notes,,,,
D6,EGENID_BIRTH,Description,Gender at birth,"What sex were you assigned at birth, on your original birth certificate?",1:02,3.2
,,Values,"1) Male 
2) Female",,,
,,Universe,All person's born before 2003,,,
,,Internal Notes,,,,
D7,GENID_DESCRIBE,Description,Current gender identity,"Do you currently describe yourself as male, female or transgender?",1:04,3.2
,,Values,"1) Male 
2) Female
3) Transgender
4) None of these
-99) Question seen but category not selected
-88) Missing / Did not report",,,
,,Universe,All person's born before 2003,,,
,,Internal Notes,,,,
D9,SEXUAL_ORIENTATION,Description,Sexual orientation,Which of the following best represents how you think of yourself?,1:05,3.2
,,Values,"1) Gay or lesbian
2) Straight, that is not gay or lesbian
3) Bisexual
4) Something else
5) I don’t know
-99) Question seen but category not selected
-88) Missing / Did not report",,,
,,Universe,All person's born before 2003,,,
,,Internal Notes,,,,
D10,THHLD_NUMPER,Description,Total number of people in household,"How many total people – adults and children
– currently live in your household, including yourself? Please enter a number.",1:40,"1, 2, 3, 3.1, 3.2"
,,Values,(1-40) number of people (whole number),,,
,,Universe,All person's born before 2003,,,
,,Internal Notes,,,,
D11,THHLD_NUMKID,Description,Total number of people under 18-years-old in household,"How many people under 18 years-old currently live in
your household? Please
enter a number.",0:40,"1, 2, 3, 3.1, 3.2"
,,Values,(0-40) number of people under 18 (whole number),,,
,,Universe,All person's born before 2003,,,
,,Internal Notes,,,,
Recode of D10 and D11,THHLD_NUMADLT,Description,Recode for the number of Adults in the household,<Recode for the number of Adults in the household>,1:40,"1, 2, 3, 3.1, 3.2"
,,Values,1-40) number of people (whole number),,,
,,Universe,All person's born before 2003,,,
,,Internal Notes,,,,
D12,KIDS_LT5Y,Description,"In your household, are there… Select all that apply.","In your household, are there… Select all that apply.","<blank>,1",3.2
,,Values,"1) Children under 5 in hhld
-99) Question seen but category not selected
-88) Missing / Did not report",,,
,,Universe,All person's born before 2003,,,
,,Internal Notes,,,,
D12,KIDS_5_11Y,Description,"In your household, are there… Select all that apply.","In your household, are there… Select all that apply.","<blank>,1",3.2
,,Values,"1) Children 5 through 11 years old
-99) Question seen but category not selected
-88) Missing / Did not report",,,
,,Universe,All person's born before 2003,,,
,,Internal Notes,,,,
D12,KIDS_12_17Y,Description,"In your household, are there… Select all that apply.","In your household, are there… Select all that apply.","<blank>,1",3.2
,,Values,"1) Children 12 through 17 years old
-99) Question seen but category not selected
-88) Missing / Did not report",,,
,,Universe,All person's born before 2003,,,
,,Internal Notes,,,,
D13,TENROLLPUB,Description,Number enrolled in public school,"The next set of questions ask about education.

During the school year that started in the Fall of 2020, how many children in this household were enrolled in Kindergarten through 12th grade or grade equivalent?  Enter numbers for all that apply. Enter ‘0’ if none. ",1:40,"1, 2, 3, 3.1, 3.2"
,,Values,(0-20) number of children (whole number),,,Changed in 3.1 to collect number in each category
,,Universe,All person's born before 2003,,,
,,Internal Notes,,,,
D13,TENROLLPRV,Description,Number enrolled in private school,"The next set of questions ask about education.

During the school year that started in the Fall of 2020, how many children in this household were enrolled in Kindergarten through 12th grade or grade equivalent?  Enter numbers for all that apply. Enter ‘0’ if none. ",0:40,"1, 2, 3, 3.1, 3.2"
,,Values,(0-20) number of children (whole number),,,Changed in 3.1 to collect number in each category
,,Universe,All person's born before 2003,,,
,,Internal Notes,,,,
D13,TENROLLHMSCH,Description,"Number homeschooled, that is not enrolled in public or private school ","The next set of questions ask about education.

During the school year that started in the Fall of 2020, how many children in this household were enrolled in Kindergarten through 12th grade or grade equivalent?  Enter numbers for all that apply. Enter ‘0’ if none. ",1:40,"1, 2, 3, 3.1, 3.2"
,,Values,(0-20) number of children (whole number),,,Changed in 3.1 to collect number in each category
,,Universe,All person's born before 2003,,,
,,Internal Notes,,,,
D13,ENROLLNONE,Description,Reporting children enrolled in none of the school types,"The next set of questions ask about education.

During the school year that started in the Fall of 2020, how many children in this household were enrolled in Kindergarten through 12th grade or grade equivalent? 
Enter numbers for all that apply. Enter ‘0’ if none. ","<blank>,1","1, 2, 3, 3.1, 3.2"
,,Values,"1) None
-99) Question seen but category not selected
-88) Missing / Did not report",,,Changed in 3.1 to collect number in each category
,,Universe,THHLD_NUMKID > 0 ,,,
,,Internal Notes,This is an exclusive category,,,
D14,ACTVDUTY1,Description,Active duty or reserves self or spouse,"Are you or your spouse currently serving in the U.S. Armed Forces (Active Duty, Reserve, or National Guard)?","<blank>,1","3.1, 3.2"
,,Values,"1) No
-99) Question seen but category not selected
-88) Missing / Did not report",,,Added in cycle 27
,,Universe,All person's born before 2003,,,
,,Internal Notes,,,,
D14,ACTVDUTY2,Description,Active duty or reserves self or spouse,"Are you or your spouse currently serving in the U.S. Armed Forces (Active Duty, Reserve, or National Guard)?","<blank>,1","3.1, 3.2"
,,Values,"1) Yes, I'm serving on active duty
-99) Question seen but category not selected
-88) Missing / Did not report",,,Added in cycle 27
,,Universe,All person's born before 2003,,,
,,Internal Notes,,,,
D14,ACTVDUTY3,Description,Active duty or reserves self or spouse,"Are you or your spouse currently serving in the U.S. Armed Forces (Active Duty, Reserve, or National Guard)?","<blank>,1","3.1, 3.2"
,,Values,"1) Yes, I'm serving in the Reserve or National Guard
-99) Question seen but category not selected
-88) Missing / Did not report",,,Added in cycle 27
,,Universe,All person's born before 2003,,,
,,Internal Notes,,,,
D14,ACTVDUTY4,Description,Active duty or reserves self or spouse,"Are you or your spouse currently serving in the U.S. Armed Forces (Active Duty, Reserve, or National Guard)?","<blank>,1","3.1, 3.2"
,,Values,"1) Yes, my spouse is serving on active duty
-99) Question seen but category not selected
-88) Missing / Did not report",,,Added in cycle 27
,,Universe,All person's born before 2003,,,
,,Internal Notes,,,,
D14,ACTVDUTY5,Description,Active duty or reserves self or spouse,"Are you or your spouse currently serving in the U.S. Armed Forces (Active Duty, Reserve, or National Guard)?","<blank>,1","3.1, 3.2"
,,Values,"1) Yes, my spouse is serving in the Reserve or National Guard
-99) Question seen but category not selected
-88) Missing / Did not report",,,Added in cycle 27
,,Universe,All person's born before 2003,,,
,,Internal Notes,,,,
VAC1,RECVDVACC,Description,Received COVID - 19 vaccine,Have you received a COVID-19 vaccine?,1:02,"3.1, 3.2"
,,Values,"1) Yes
2) No
-99) Question seen but category not selected
-88) Missing / Did not report",,,Added in cycle 22
,,Universe,All person's born before 2003,,,
,,Internal Notes,,,,
VAC2,DOSESRV,Description,Received or plan for all doses,Did you receive (or do you plan to receive) all required doses? ,1:03,"3.1, 3.2"
,,Values,"1) Yes, received all required doses
2) Yes, plan to receive all required doses
3) No, don't plan to receive all required doses
-99) Question seen but category not selected
-88) Missing / Did not report",,,Added in cycle 22. Revised answer categories for phase 3.2.
,,Universe,RECVDACC = 1,,,
,,Internal Notes,,,,
VAC3,GETVACRV,Description,Intention on getting vaccine,"Once a  vaccine to prevent COVID-19 is available to you, would you…",1:05,"3.1, 3.2"
,,Values,"1) Definitely get a vaccine
2) Probably get a vaccine
3) Be unsure about getting a vaccine
4) Probably NOT get a vaccine 
5) Definitely NOT get a vaccine
-99) Question seen but category not selected
-88) Missing / Did not report",,,Added in cycle 22. Revised answer categories for phase 3.1.
,,Universe,RECVDACC = 2,,,
,,Internal Notes,,,,
VAC4,WHYNORV1,Description,Why not get vaccine,"Which of the following, if any, are reasons that you [only probably will /probably won’t/definitely won’t/ are unsure about whether to] [get a COVID-19 vaccine/won’t receive all required doses of a COVID-19 vaccine]? (Select all that apply) ","<blank>,1","3.1, 3.2"
,,Values,"1) I am concerned about possible side effects of a COVID-19 vaccine
-99) Question seen but category not selected
-88) Missing / Did not report",,,Added in cycle 22. Revised design and answer categories for phase 3.2.
,,Universe,if DOSESRV = 3 or GETVACRV in 2:5,,,
,,Internal Notes,,,,
VAC4,WHYNORV2,Description,Why not get vaccine,"Which of the following, if any, are reasons that you [only probably will /probably won’t/definitely won’t/ are unsure about whether to] [get a COVID-19 vaccine/won’t receive all required doses of a COVID-19 vaccine]? (Select all that apply) ","<blank>,1","3.1, 3.2"
,,Values,"1) I don’t know if a COVID-19 vaccine will protect me
-99) Question seen but category not selected
-88) Missing / Did not report",,,Added in cycle 22. Revised design and answer categories for phase 3.2.
,,Universe,if DOSESRV = 3 or GETVACRV in 2:5,,,
,,Internal Notes,,,,
VAC4,WHYNORV3,Description,Why not get vaccine,"Which of the following, if any, are reasons that you [only probably will /probably won’t/definitely won’t/ are unsure about whether to] [get a COVID-19 vaccine/won’t receive all required doses of a COVID-19 vaccine]? (Select all that apply) ","<blank>,1","3.1, 3.2"
,,Values,"1) I don’t believe I need a COVID-19 vaccine
-99) Question seen but category not selected
-88) Missing / Did not report",,,Added in cycle 22. Revised design and answer categories for phase 3.2.
,,Universe,if DOSESRV = 3 or GETVACRV in 2:5,,,
,,Internal Notes,,,,
VAC4,WHYNORV4,Description,Why not get vaccine,"Which of the following, if any, are reasons that you [only probably will /probably won’t/definitely won’t/ are unsure about whether to] [get a COVID-19 vaccine/won’t receive all required doses of a COVID-19 vaccine]? (Select all that apply) ","<blank>,1","3.1, 3.2"
,,Values,"1)  My doctor has not recommended it 
-99) Question seen but category not selected
-88) Missing / Did not report",,,Added in cycle 22. Revised design and answer categories for phase 3.2.
,,Universe,if DOSESRV = 3 or GETVACRV in 2:5,,,
,,Internal Notes,,,,
VAC4,WHYNORV5,Description,Why not get vaccine,"Which of the following, if any, are reasons that you [only probably will /probably won’t/definitely won’t/ are unsure about whether to] [get a COVID-19 vaccine/won’t receive all required doses of a COVID-19 vaccine]? (Select all that apply) ","<blank>,1","3.1, 3.2"
,,Values,"1)  I plan to wait and see if it is safe and may get it later   
-99) Question seen but category not selected
-88) Missing / Did not report",,,Added in cycle 22. Revised design and answer categories for phase 3.2.
,,Universe,if DOSESRV = 3 or GETVACRV in 2:5,,,
,,Internal Notes,,,,
VAC4,WHYNORV6,Description,Why not get vaccine,"Which of the following, if any, are reasons that you [only probably will /probably won’t/definitely won’t/ are unsure about whether to] [get a COVID-19 vaccine/won’t receive all required doses of a COVID-19 vaccine]? (Select all that apply) ","<blank>,1","3.1, 3.2"
,,Values,"1) I am concerned about the cost of a COVID-19 vaccine
-99) Question seen but category not selected
-88) Missing / Did not report",,,Added in cycle 22. Revised design and answer categories for phase 3.2.
,,Universe,if DOSESRV = 3 or GETVACRV in 2:5,,,
,,Internal Notes,,,,
VAC4,WHYNORV7,Description,Why not get vaccine,"Which of the following, if any, are reasons that you [only probably will /probably won’t/definitely won’t/ are unsure about whether to] [get a COVID-19 vaccine/won’t receive all required doses of a COVID-19 vaccine]? (Select all that apply) ","<blank>,1","3.1, 3.2"
,,Values,"1) I don’t trust COVID-19 vaccines
-99) Question seen but category not selected
-88) Missing / Did not report",,,Added in cycle 22. Revised design and answer categories for phase 3.2.
,,Universe,if DOSESRV = 3 or GETVACRV in 2:5,,,
,,Internal Notes,,,,
VAC4,WHYNORV8,Description,Why not get vaccine,"Which of the following, if any, are reasons that you [only probably will /probably won’t/definitely won’t/ are unsure about whether to] [get a COVID-19 vaccine/won’t receive all required doses of a COVID-19 vaccine]? (Select all that apply) ","<blank>,1","3.1, 3.2"
,,Values,"1) I don’t trust the government
-99) Question seen but category not selected
-88) Missing / Did not report",,,Added in cycle 22. Revised design and answer categories for phase 3.2.
,,Universe,if DOSESRV = 3 or GETVACRV in 2:5,,,
,,Internal Notes,,,,
VAC4,WHYNORV9,Description,Why not get vaccine,"Which of the following, if any, are reasons that you [only probably will /probably won’t/definitely won’t/ are unsure about whether to] [get a COVID-19 vaccine/won’t receive all required doses of a COVID-19 vaccine]? (Select all that apply) ","<blank>,1","3.1, 3.2"
,,Values,"1) I don't think COVID-19 is that big of a threat
-99) Question seen but category not selected
-88) Missing / Did not report",,,Added in cycle 22. Revised design and answer categories for phase 3.2.
,,Universe,if DOSESRV = 3 or GETVACRV in 2:5,,,
,,Internal Notes,,,,
VAC4,WHYNORV10,Description,Why not get vaccine,"Which of the following, if any, are reasons that you [only probably will /probably won’t/definitely won’t/ are unsure about whether to] [get a COVID-19 vaccine/won’t receive all required doses of a COVID-19 vaccine]? (Select all that apply) ","<blank>,1","3.1, 3.2"
,,Values,"1) It's hard for me to get a COVID-19 vaccine
-99) Question seen but category not selected
-88) Missing / Did not report",,,Added in cycle 22. Revised design and answer categories for phase 3.2.
,,Universe,if DOSESRV = 3 or GETVACRV in 2:5,,,
,,Internal Notes,,,,
VAC4,WHYNORV11,Description,Why not get vaccine,"Which of the following, if any, are reasons that you [only probably will /probably won’t/definitely won’t/ are unsure about whether to] [get a COVID-19 vaccine/won’t receive all required doses of a COVID-19 vaccine]? (Select all that apply) ","<blank>,1","3.1, 3.2"
,,Values,"1) I believe one dose is enough to protect me 
-99) Question seen but category not selected
-88) Missing / Did not report",,,Added in cycle 22. Revised design and answer categories for phase 3.2.
,,Universe,if DOSESRV = 3 or GETVACRV in 2:5,,,
,,Internal Notes,,,,
VAC4,WHYNORV12,Description,Why not get vaccine,"Which of the following, if any, are reasons that you [only probably will /probably won’t/definitely won’t/ are unsure about whether to] [get a COVID-19 vaccine/won’t receive all required doses of a COVID-19 vaccine]? (Select all that apply) ","<blank>,1","3.1, 3.2"
,,Values,"1) I experienced side effects from the dose of COVID-19 vaccine I received 
-99) Question seen but category not selected
-88) Missing / Did not report",,,Added in cycle 22. Revised design and answer categories for phase 3.2.
,,Universe,if DOSESRV = 3 or GETVACRV in 2:5,,,
,,Internal Notes,,,,
VAC4,WHYNORV13,Description,Why not get vaccine,"Which of the following, if any, are reasons that you [only probably will /probably won’t/definitely won’t/ are unsure about whether to] [get a COVID-19 vaccine/won’t receive all required doses of a COVID-19 vaccine]? (Select all that apply) ","<blank>,1","3.1, 3.2"
,,Values,"1) other
-99) Question seen but category not selected
-88) Missing / Did not report",,,Added in cycle 22. Revised design and answer categories for phase 3.2.
,,Universe,if DOSESRV = 3 or GETVACRV in 2:5,,,
,,Internal Notes,,,,
VAC5,KIDDOSES,Description,Children received or plan for all doses,Have any of the children aged 12-17 years living in your household received at least one dose of a COVID-19 vaccine?,1:03,3.2
,,Values,"1) Yes
2) No
3) Don't know
-99) Question seen but category not selected
-88) Missing / Did not report",,,
,,Universe,KIDS_12_17Y = 1,,,
,,Internal Notes,,,,
VAC6,KIDGETVAC,Description,Intention on getting children vaccine,"Now that vaccines to prevent COVID-19 are available to most children between ages 12 and 17, will the parents or guardians of children ages 12-17 living in your household…",1:06,3.2
,,Values,"1) Definitely get the children a vaccine
2) Probably get the children a vaccine
3) Be unsure about getting the children a vaccine
4) Probably NOT get the children a vaccine 
5) Definitely NOT get the children a vaccine
6) I do not know the plans for vaccination of the children aged 12-17 in my household
-99) Question seen but category not selected
-88) Missing / Did not report",,,
,,Universe,KIDDOSES not equal 1,,,
,,Internal Notes,,,,
VAC7,KIDWHNO1,Description,Why not get children vaccinated,"Which of the following, if any, are reasons that the parents or guardians of children ages 12-17 living in your household [only probably will / probably won’t/definitely won’t/ are unsure about whether to] get a COVID-19 vaccine for the children? (Select all that apply) ","<blank>,1",3.2
,,Values,"1) Concern about possible side effects of a COVID-19 vaccine for children
-99) Question seen but category not selected
-88) Missing / Did not report",,,
,,Universe,if  KIDGETVAC in 2:5,,,
,,Internal Notes,,,,
VAC7,KIDWHNO2,Description,Why not get children vaccinated,"Which of the following, if any, are reasons that the parents or guardians of children ages 12-17 living in your household [only probably will / probably won’t/definitely won’t/ are unsure about whether to] get a COVID-19 vaccine for the children? (Select all that apply) ","<blank>,1",3.2
,,Values,"1) Plan to wait and see if it is safe and may get it later
-99) Question seen but category not selected
-88) Missing / Did not report",,,
,,Universe,if  KIDGETVAC in 2:5,,,
,,Internal Notes,,,,
VAC7,KIDWHNO3,Description,Why not get children vaccinated,"Which of the following, if any, are reasons that the parents or guardians of children ages 12-17 living in your household [only probably will / probably won’t/definitely won’t/ are unsure about whether to] get a COVID-19 vaccine for the children? (Select all that apply) ","<blank>,1",3.2
,,Values,"1) Not sure if a COVID-19 vaccine will work for children
-99) Question seen but category not selected
-88) Missing / Did not report",,,
,,Universe,if  KIDGETVAC in 2:5,,,
,,Internal Notes,,,,
VAC7,KIDWHNO4,Description,Why not get children vaccinated,"Which of the following, if any, are reasons that the parents or guardians of children ages 12-17 living in your household [only probably will / probably won’t/definitely won’t/ are unsure about whether to] get a COVID-19 vaccine for the children? (Select all that apply) ","<blank>,1",3.2
,,Values,"1) Don’t believe children need a COVID-19 vaccine
-99) Question seen but category not selected
-88) Missing / Did not report",,,
,,Universe,if  KIDGETVAC in 2:5,,,
,,Internal Notes,,,,
VAC7,KIDWHNO5,Description,Why not get children vaccinated,"Which of the following, if any, are reasons that the parents or guardians of children ages 12-17 living in your household [only probably will / probably won’t/definitely won’t/ are unsure about whether to] get a COVID-19 vaccine for the children? (Select all that apply) ","<blank>,1",3.2
,,Values,"1) The children in this household are not members of a high-risk group
-99) Question seen but category not selected
-88) Missing / Did not report",,,
,,Universe,if  KIDGETVAC in 2:5,,,
,,Internal Notes,,,,
VAC7,KIDWHNO6,Description,Why not get children vaccinated,"Which of the following, if any, are reasons that the parents or guardians of children ages 12-17 living in your household [only probably will / probably won’t/definitely won’t/ are unsure about whether to] get a COVID-19 vaccine for the children? (Select all that apply) ","<blank>,1",3.2
,,Values,"1) The children’s doctor has not recommended it
-99) Question seen but category not selected
-88) Missing / Did not report",,,
,,Universe,if  KIDGETVAC in 2:5,,,
,,Internal Notes,,,,
VAC7,KIDWHNO7,Description,Why not get children vaccinated,"Which of the following, if any, are reasons that the parents or guardians of children ages 12-17 living in your household [only probably will / probably won’t/definitely won’t/ are unsure about whether to] get a COVID-19 vaccine for the children? (Select all that apply) ","<blank>,1",3.2
,,Values,"1) Other people need it more than the children in this household do right now
-99) Question seen but category not selected
-88) Missing / Did not report",,,
,,Universe,if  KIDGETVAC in 2:5,,,
,,Internal Notes,,,,
VAC7,KIDWHNO8,Description,Why not get children vaccinated,"Which of the following, if any, are reasons that the parents or guardians of children ages 12-17 living in your household [only probably will / probably won’t/definitely won’t/ are unsure about whether to] get a COVID-19 vaccine for the children? (Select all that apply) ","<blank>,1",3.2
,,Values,"1) Concern about missing work to have the children vaccinated
-99) Question seen but category not selected
-88) Missing / Did not report",,,
,,Universe,if  KIDGETVAC in 2:5,,,
,,Internal Notes,,,,
VAC7,KIDWHNO9,Description,Why not get children vaccinated,"Which of the following, if any, are reasons that the parents or guardians of children ages 12-17 living in your household [only probably will / probably won’t/definitely won’t/ are unsure about whether to] get a COVID-19 vaccine for the children? (Select all that apply) ","<blank>,1",3.2
,,Values,"1) Unable to get a COVID-19 vaccine for children in this household
-99) Question seen but category not selected
-88) Missing / Did not report",,,
,,Universe,if  KIDGETVAC in 2:5,,,
,,Internal Notes,,,,
VAC7,KIDWHNO10,Description,Why not get children vaccinated,"Which of the following, if any, are reasons that the parents or guardians of children ages 12-17 living in your household [only probably will / probably won’t/definitely won’t/ are unsure about whether to] get a COVID-19 vaccine for the children? (Select all that apply) ","<blank>,1",3.2
,,Values,"1) Parents or guardians in this household do not vaccinate their children 
-99) Question seen but category not selected
-88) Missing / Did not report",,,
,,Universe,if  KIDGETVAC in 2:5,,,
,,Internal Notes,,,,
VAC7,KIDWHNO11,Description,Why not get children vaccinated,"Which of the following, if any, are reasons that the parents or guardians of children ages 12-17 living in your household [only probably will / probably won’t/definitely won’t/ are unsure about whether to] get a COVID-19 vaccine for the children? (Select all that apply) ","<blank>,1",3.2
,,Values,"1) Don’t trust COVID-19 vaccines
-99) Question seen but category not selected
-88) Missing / Did not report",,,
,,Universe,if  KIDGETVAC in 2:5,,,
,,Internal Notes,,,,
VAC7,KIDWHNO12,Description,Why not get children vaccinated,"Which of the following, if any, are reasons that the parents or guardians of children ages 12-17 living in your household [only probably will / probably won’t/definitely won’t/ are unsure about whether to] get a COVID-19 vaccine for the children? (Select all that apply) ","<blank>,1",3.2
,,Values,"1) Don’t trust the government
-99) Question seen but category not selected
-88) Missing / Did not report",,,
,,Universe,if  KIDGETVAC in 2:5,,,
,,Internal Notes,,,,
VAC7,KIDWHNO13,Description,Why not get children vaccinated,"Which of the following, if any, are reasons that the parents or guardians of children ages 12-17 living in your household [only probably will / probably won’t/definitely won’t/ are unsure about whether to] get a COVID-19 vaccine for the children? (Select all that apply) ","<blank>,1",3.2
,,Values,"1) Concern about the cost of a COVID-19 vaccine
-99) Question seen but category not selected
-88) Missing / Did not report",,,
,,Universe,if  KIDGETVAC in 2:5,,,
,,Internal Notes,,,,
VAC7,KIDWHNO14,Description,Why not get children vaccinated,"Which of the following, if any, are reasons that the parents or guardians of children ages 12-17 living in your household [only probably will / probably won’t/definitely won’t/ are unsure about whether to] get a COVID-19 vaccine for the children? (Select all that apply) ","<blank>,1",3.2
,,Values,"1) other
-99) Question seen but category not selected
-88) Missing / Did not report",,,
,,Universe,if  KIDGETVAC in 2:5,,,
,,Internal Notes,,,,
VAC8,HADCOVID,Description,Doctor or provider told you that you have COVID,Has a doctor or other health care provider ever told you that you have COVID-19?,1:03,"3.1, 3.2"
,,Values,"1) Yes
2) No
3) Not Sure
-99) Question seen but category not selected
-88) Missing / Did not report",,,Added in cycle 22
,,Universe,All person's born before 2003,,,
,,Internal Notes,,,,
EMP1,WRKLOSSRV,Description,Recent household job loss,"Now we are going to ask about your employment. 

Have you, or has anyone in your household experienced a loss of employment income in the last 4 weeks?  Select only one answer. ",1:02,"1, 2, 3, 3.1, 3.2"
,,Values,"1) Yes
2) No
-99) Question seen but category not selected
-88) Missing / Did not report",,,Cycle 27 changed question's reference period.
,,Universe,All person's born before 2003,,,
,,Internal Notes,,,,
EMP2,ANYWORK,Description,Employment status for last 7 days,"Now we are going to ask about your employment.
In the last 7 days, did you do ANY work for either pay or profit? Select only one answer.",1:02,"1, 2, 3, 3.1, 3.2"
,,Values,"1) Yes
2) No
-99) Question seen but category not selected
-88) Missing / Did not report",,,
,,Universe,All person's born before 2003,,,
,,Internal Notes,,,,
EMP3,KINDWORK,Description,Sector of employment,"Are you employed by government, by a private company, a nonprofit organization or are you self-employed or working in a family business? Select only one answer.",1:05,"1, 2, 3, 3.1, 3.2"
,,Values,"1) Government
2) Private company
3) Non-profit organization including tax exempt and charitable organizations
4) Self-employed
5) Working in a family business
-99) Question seen but category not selected
-88) Missing / Did not report",,,Cycle 27 changed question's text 'were' to 'are.'
,,Universe,ANYWORK = 1,,,
,,Internal Notes,,,,
EMP4,RSNNOWRKRV,Description,Main reason for not working for pay or profit,"What is your main reason for not working for pay or profit?
Select only one answer. - Selected Choice",1:13,"1, 2, 3, 3.1, 3.2"
,,Values,"1) I did not want to be employed at this time
2)I am/was sick with coronavirus symptoms or caring for someone who was sick with coronavirus symptoms
3) I am/was caring for children not in school or daycare
4) I am/was caring for an elderly person
5) I was concerned about getting or spreading the coronavirus 
6) I am/was sick (not coronavirus related) or disabled
7) I am retired
8) I am/was laid off or furloughed due to coronavirus pandemic
9) My employer closed temporarily due to the coronavirus pandemic
10) My employer went out of business due to the coronavirus pandemic
11) I do/did not have transportation to work
12) Other reason, please specify
-99) Question seen but category not selected
-88) Missing / Did not report",,,Cycle 22 1.6.2021 Answer category '11' added for transportation related reasons for not working.
,,Universe,ANYWORK = 2,,,
,,Internal Notes,,,,
EMP5,WKVOL,Description,Work or volunteer outside the home.,"In the last 7 days, have you worked or volunteered outside your home? (select one)",1:02,"3.1, 3.2"
,,Values,"1) Yes
2) No
-99) Question seen but category not selected
-88) Missing / Did not report",,,Question lead changed to 'Last 7 days' for 3.2
,,Universe,All person's born before 2003,,,
,,Internal Notes,,,,
EMP6,SETTING,Description,Work or volunteer setting outside the home.,"In the last 7 days, which best describes the primary location/setting where you worked or volunteered outside your home? Select only one answer.",1:19,"3.1, 3.2"
,,Values,"1) Hospital
2) Nursing and residential healthcare facility
3) Pharmacy
4) Ambulatory healthcare (e.g. doctor, dentist or mental health specialist office, outpatient facility, medical and diagnostic laboratory, home health care) 
5) Social service (e.g., child, youth, family, elderly, disability services) 
6) Preschool or daycare 
7) K-12 school 
8) Other schools and instructional settings (e.g. college, university, professional, business, technical or trade school, driving school, test preparation, tutoring) 
9) First response (e.g., police or fire protection, emergency relief services) 
10)Death care (e.g., funeral home, crematory, cemetery) 
11) Correctional facility (e.g., jail, prison, detention center, reformatory) 
12) Food and beverage store (e.g., grocery store, warehouse club, supercenters, convenience store, specialty food store, bakery) 
13) Agriculture, forestry, fishing, or hunting 
14) Food manufacturing facility (e.g., meat-processing, produce packing, food or beverage manufacturing) 
15) Non-food manufacturing facility (e.g. metals, equipment and machinery, electronics) 
16) Public transit (e.g., bus, commuter rail, subway, school bus) 
17) United States Postal Service 
18) Other job deemed “essential” during the COVID-19 pandemic 
19) None of the above 
-99) Question seen but category not selected
-88) Missing / Did not report",,,Question lead changed to 'Last 7 days' and response categories for health care expanded for 3.2
,,Universe,WKVOL=1,,,
,,Internal Notes,,,,
EMP7,CHLDCARE,Description,Childcare impacts due to pandemic,"Next, we are going to ask about the childcare arrangements for children in the household. 

At any time in the last 4 weeks, were any children in the household unable to attend daycare or another childcare arrangement as a result of child care being closed, unavailable, unaffordable, or because you are concerned about your child’s safety in care?  Please include before school care, after school care, and all other forms of childcare that were unavailable. Select only one answer. ",1:03,"3.1, 3.2"
,,Values,"1) Yes
2) No
3) Not applicable
-99) Question seen but category not selected
-88) Missing / Did not report",,,Question text changed for Phase 3.2 to include additional reasons for children not being in care.
,,Universe,KIDS_LT5Y = 1 or KIDS_5_11Y = 1,,,
,,Internal Notes,,,,
EMP8,CHLDIMPCT1,Description,Childcare impact - unpaid leave,Which if any of the following occurred in the last 4 weeks as a result of childcare being closed or unavailable? Select all that apply.,"<blank>,1","3.1, 3.2"
,,Values,"1) You (or another adult) took unpaid leave to care for the children.
-99) Question seen but category not selected
-88) Missing / Did not report",,,Question text changed for Phase 3.2 to include additional reasons for children not being in care.
,,Universe,If CHLDCARE = 1,,,
,,Internal Notes,,,,
EMP8,CHLDIMPCT2,Description,Childcare impact - used paid leave,Which if any of the following occurred in the last 4 weeks as a result of childcare being closed or unavailable? Select all that apply.,"<blank>,1","3.1, 3.2"
,,Values,"1) You (or another adult) used vacation or sick days, or other paid leave in order to care for the children
-99) Question seen but category not selected
-88) Missing / Did not report",,,
,,Universe,If CHLDCARE = 1,,,
,,Internal Notes,,,,
EMP8,CHLDIMPCT3,Description,Childcare impact - cut hours,Which if any of the following occurred in the last 4 weeks as a result of childcare being closed or unavailable? Select all that apply.,"<blank>,1","3.1, 3.2"
,,Values,"1) You (or another adult) cut your hours in order to care for the children
-99) Question seen but category not selected
-88) Missing / Did not report",,,
,,Universe,If CHLDCARE = 1,,,
,,Internal Notes,,,,
EMP8,CHLDIMPCT4,Description,Childcare impact - left job,Which if any of the following occurred in the last 4 weeks as a result of childcare being closed or unavailable? Select all that apply.,"<blank>,1","3.1, 3.2"
,,Values,"1) You (or another adult) left a job in order to care for the children
-99) Question seen but category not selected
-88) Missing / Did not report",,,
,,Universe,If CHLDCARE = 1,,,
,,Internal Notes,,,,
EMP8,CHLDIMPCT5,Description,Childcare impact - lost job,Which if any of the following occurred in the last 4 weeks as a result of childcare being closed or unavailable? Select all that apply.,"<blank>,1","3.1, 3.2"
,,Values,"1) You (or another adult) lost a job because of time away to care for your the children
-99) Question seen but category not selected
-88) Missing / Did not report",,,
,,Universe,If CHLDCARE = 1,,,
,,Internal Notes,,,,
EMP8,CHLDIMPCT6,Description,Childcare impact - did not look for job,Which if any of the following occurred in the last 4 weeks as a result of childcare being closed or unavailable? Select all that apply.,"<blank>,1","3.1, 3.2"
,,Values,"1) You (or another adult) did not look for a job in order to care for your the children
-99) Question seen but category not selected
-88) Missing / Did not report",,,
,,Universe,If CHLDCARE = 1,,,
,,Internal Notes,,,,
EMP8,CHLDIMPCT7,Description,Childcare impact - supervised children while working,Which if any of the following occurred in the last 4 weeks as a result of childcare being closed or unavailable? Select all that apply.,"<blank>,1","3.1, 3.2"
,,Values,"1) You (or another adult) supervised one or more children while working 
-99) Question seen but category not selected
-88) Missing / Did not report",,,
,,Universe,If CHLDCARE = 1,,,
,,Internal Notes,,,,
EMP8,CHLDIMPCT8,Description,Childcare impact - other,Which if any of the following occurred in the last 4 weeks as a result of childcare being closed or unavailable? Select all that apply.,"<blank>,1","3.1, 3.2"
,,Values,"1) Other_Specify _________________
-99) Question seen but category not selected
-88) Missing / Did not report",,,
,,Universe,If CHLDCARE = 1,,,
,,Internal Notes,,,,
EMP8,CHLDIMPCT9,Description,Childcare impact - None of the above,Which if any of the following occurred in the last 4 weeks as a result of childcare being closed or unavailable? Select all that apply.,"<blank>,1","3.1, 3.2"
,,Values,"1) None of the above
-99) Question seen but category not selected
-88) Missing / Did not report",,,
,,Universe,If CHLDCARE = 1,,,
,,Internal Notes,This is an exclusive category,,,
SPN1,CTC_YN,Description,Receipt and use of Child Tax Credit (CTC),"The next questions ask about your household’s spending in last 4 weeks. Please only include experiences that occurred in the last 4 weeks.

In the last 4 weeks, did you or anyone in your household receive a “Child Tax Credit” payment, that is an advance payment from the expansion of the child tax credit as part of the Federal Government‘s 2021 American Rescue Plan? Please report ""yes"" if you received the payment as a paper check or as a direct deposit. ",1:02,3.2
,,Values,"1) Yes
2) No
-99) Question seen but category not selected
-88) Missing / Did not report",,,Changed from EIP to CTC for Phase 3.2
,,Universe,All person's born before 2003,,,
,,Internal Notes,,,,
SPN2,CTC_USE,Description,Receipt and use of Child Tax Credit (CTC),"Thinking about your use of the payments from the “Child Tax Credit"" did you:",1:03,3.2
,,Values,"1) Mostly spend it 
2) Mostly save it 
3) Mostly use it to pay off debt
-99) Question seen but category not selected
-88) Missing / Did not report",,,Changed from EIP to CTC for Phase 3.2
,,Universe,CTC_YN = 1,,,
,,Internal Notes,,,,
SPN3,CTCSPND1,Description,Spending use of Child Tax Credit (CTC),"Thinking about your use of the payments from the “Child Tax Credit"" did you:","<blank>,1",3.2
,,Values,"1) Food (groceries, eating out, take out)
-99) Question seen but category not selected
-88) Missing / Did not report",,,Changed from EIP to CTC for Phase 3.2
,,Universe,CTC_YN = 1,,,
,,Internal Notes,,,,
SPN3,CTCSPND2,Description,Spending use of Child Tax Credit (CTC),"Thinking about your use of the payments from the “Child Tax Credit"" did you:","<blank>,1",3.2
,,Values,"1) Clothing (clothing, accessories, shoes)
-99) Question seen but category not selected
-88) Missing / Did not report",,,Changed from EIP to CTC for Phase 3.2
,,Universe,CTC_YN = 1,,,
,,Internal Notes,,,,
SPN3,CTCSPND3,Description,Spending use of Child Tax Credit (CTC),"Thinking about your use of the payments from the “Child Tax Credit"" did you:","<blank>,1",3.2
,,Values,"1) Childcare (formal facility, paying family or caregiver directly) 
-99) Question seen but category not selected
-88) Missing / Did not report",,,Changed from EIP to CTC for Phase 3.2
,,Universe,CTC_YN = 1,,,
,,Internal Notes,,,,
SPN3,CTCSPND4,Description,Spending use of Child Tax Credit (CTC),"Thinking about your use of the payments from the “Child Tax Credit"" did you:","<blank>,1",3.2
,,Values,"1) School books and supplies 
-99) Question seen but category not selected
-88) Missing / Did not report",,,Changed from EIP to CTC for Phase 3.2
,,Universe,CTC_YN = 1,,,
,,Internal Notes,,,,
SPN3,CTCSPND5,Description,Spending use of Child Tax Credit (CTC),"Thinking about your use of the payments from the “Child Tax Credit"" did you:","<blank>,1",3.2
,,Values,"1) School tuition
-99) Question seen but category not selected
-88) Missing / Did not report",,,Changed from EIP to CTC for Phase 3.2
,,Universe,CTC_YN = 1,,,
,,Internal Notes,,,,
SPN3,CTCSPND6,Description,Spending use of Child Tax Credit (CTC),"Thinking about your use of the payments from the “Child Tax Credit"" did you:","<blank>,1",3.2
,,Values,"1) Tutoring services
-99) Question seen but category not selected
-88) Missing / Did not report",,,Changed from EIP to CTC for Phase 3.2
,,Universe,CTC_YN = 1,,,
,,Internal Notes,,,,
SPN3,CTCSPND7,Description,Spending use of Child Tax Credit (CTC),"Thinking about your use of the payments from the “Child Tax Credit"" did you:","<blank>,1",3.2
,,Values,"1) After school programs (other than tutoring and childcare) 
-99) Question seen but category not selected
-88) Missing / Did not report",,,Changed from EIP to CTC for Phase 3.2
,,Universe,CTC_YN = 1,,,
,,Internal Notes,,,,
SPN3,CTCSPND8,Description,Spending use of Child Tax Credit (CTC),"Thinking about your use of the payments from the “Child Tax Credit"" did you:","<blank>,1",3.2
,,Values,"1) After school programs (other than tutoring and childcare) 
-99) Question seen but category not selected
-88) Missing / Did not report",,,Changed from EIP to CTC for Phase 3.2
,,Universe,CTC_YN = 1,,,
,,Internal Notes,,,,
SPN3,CTCSPND9,Description,Spending use of Child Tax Credit (CTC),"Thinking about your use of the payments from the “Child Tax Credit"" did you:","<blank>,1",3.2
,,Values,"1) Recreational goods (sports and fitness equipment, bicycles, toys, games)
-99) Question seen but category not selected
-88) Missing / Did not report",,,Changed from EIP to CTC for Phase 3.2
,,Universe,CTC_YN = 1,,,
,,Internal Notes,,,,
SPN3,CTCSPND10,Description,Spending use of Child Tax Credit (CTC),"Thinking about your use of the payments from the “Child Tax Credit"" did you:","<blank>,1",3.2
,,Values,"1) Rent
-99) Question seen but category not selected
-88) Missing / Did not report",,,Changed from EIP to CTC for Phase 3.2
,,Universe,CTC_YN = 1,,,
,,Internal Notes,,,,
SPN3,CTCSPND11,Description,Spending use of Child Tax Credit (CTC),"Thinking about your use of the payments from the “Child Tax Credit"" did you:","<blank>,1",3.2
,,Values,"1) Mortgage (scheduled or monthly)
-99) Question seen but category not selected
-88) Missing / Did not report",,,Changed from EIP to CTC for Phase 3.2
,,Universe,CTC_YN = 1,,,
,,Internal Notes,,,,
SPN3,CTCSPND12,Description,Spending use of Child Tax Credit (CTC),"Thinking about your use of the payments from the “Child Tax Credit"" did you:","<blank>,1",3.2
,,Values,"1) Utilities and telecommunications (natural gas, electricity, cable, internet, cellphone)
-99) Question seen but category not selected
-88) Missing / Did not report",,,Changed from EIP to CTC for Phase 3.2
,,Universe,CTC_YN = 1,,,
,,Internal Notes,,,,
SPN3,CTCSPND13,Description,Spending use of Child Tax Credit (CTC),"Thinking about your use of the payments from the “Child Tax Credit"" did you:","<blank>,1",3.2
,,Values,"1) Vehicle payments (scheduled or monthly)
-99) Question seen but category not selected
-88) Missing / Did not report",,,Changed from EIP to CTC for Phase 3.2
,,Universe,CTC_YN = 1,,,
,,Internal Notes,,,,
SPN3,CTCSPND14,Description,Spending use of Child Tax Credit (CTC),"Thinking about your use of the payments from the “Child Tax Credit"" did you:","<blank>,1",3.2
,,Values,"1) Paying down credit card, student loans, or other debts
-99) Question seen but category not selected
-88) Missing / Did not report",,,Changed from EIP to CTC for Phase 3.2
,,Universe,CTC_YN = 1,,,
,,Internal Notes,,,,
SPN3,CTCSPND15,Description,Spending use of Child Tax Credit (CTC),"Thinking about your use of the payments from the “Child Tax Credit"" did you:","<blank>,1",3.2
,,Values,"1) Charitable donations or giving to family members
-99) Question seen but category not selected
-88) Missing / Did not report",,,Changed from EIP to CTC for Phase 3.2
,,Universe,CTC_YN = 1,,,
,,Internal Notes,,,,
SPN3,CTCSPND16,Description,Spending use of Child Tax Credit (CTC),"Thinking about your use of the payments from the “Child Tax Credit"" did you:","<blank>,1",3.2
,,Values,"1) Savings or investments
-99) Question seen but category not selected
-88) Missing / Did not report",,,Changed from EIP to CTC for Phase 3.2
,,Universe,CTC_YN = 1,,,
,,Internal Notes,,,,
SPN3,CTCSPND17,Description,Spending use of Child Tax Credit (CTC),"Thinking about your use of the payments from the “Child Tax Credit"" did you:","<blank>,1",3.2
,,Values,"1) Other
-99) Question seen but category not selected
-88) Missing / Did not report",,,Changed from EIP to CTC for Phase 3.2
,,Universe,CTC_YN = 1,,,
,,Internal Notes,,,,
SPN4,EXPNS_DIF,Description,Difficulty with expenses,"In the last 7 days, how difficult has it been for your household to pay for usual household expenses, including but not limited to food, rent or mortgage, car payments, medical expenses, student loans, and so on? Select only one answer.",1:04,"1, 2, 3, 3.1, 3.2"
,,Values,"1) Not at all difficult
2) A little difficult
3) Somewhat difficult
4) Very difficult 
-99) Question seen but category not selected
-88) Missing / Did not report",,,Modified to streamline series in 3.2
,,Universe,All person's born before 2003,,,
,,Internal Notes,,,,
SPN5,ACTIVITY1,Description,Worked onsite at a workplace,"In the last 7 days, have you or your household done any of the following… Worked onsite at a workplace?",1:02,3.2
,,Values,"1) Yes
2) No
-99) Question seen but category not selected
-88) Missing / Did not report",,,Modified to streamline series in 3.2
,,Universe,All person's born before 2003,,,
,,Internal Notes,,,,
SPN5,ACTIVITY2,Description,Teleworked or worked from home,"In the last 7 days, have you or your household done any of the following… Teleworked or worked from home?",1:02,3.2
,,Values,"1) Yes
2) No
-99) Question seen but category not selected
-88) Missing / Did not report",,,Modified to streamline series in 3.2
,,Universe,All person's born before 2003,,,
,,Internal Notes,,,,
SPN5,ACTIVITY3,Description,In-store shopping ,"In the last 7 days, have you or your household done any of the following… In-store shopping?",1:02,3.2
,,Values,"1) Yes
2) No
-99) Question seen but category not selected
-88) Missing / Did not report",,,Modified to streamline series in 3.2
,,Universe,All person's born before 2003,,,
,,Internal Notes,,,,
SPN5,ACTIVITY4,Description,Eating indoors at restaurants,"In the last 7 days, have you or your household done any of the following… Eating indoors at restaurants?",1:02,3.2
,,Values,"1) Yes
2) No
-99) Question seen but category not selected
-88) Missing / Did not report",,,Modified to streamline series in 3.2
,,Universe,All person's born before 2003,,,
,,Internal Notes,,,,
SPN5,ACTIVITY5,Description,Had in-person medical or dental appointments,"In the last 7 days, have you or your household done any of the following… Had in-person medical or dental appointments?",1:02,3.2
,,Values,"1) Yes
2) No
-99) Question seen but category not selected
-88) Missing / Did not report",,,Modified to streamline series in 3.2
,,Universe,All person's born before 2003,,,
,,Internal Notes,,,,
SPN5,ACTIVITY6,Description,Had in-home housekeeping or caregiving services,"In the last 7 days, have you or your household done any of the following… Had in-home housekeeping or caregiving services?",1:02,3.2
,,Values,"1) Yes
2) No
-99) Question seen but category not selected
-88) Missing / Did not report",,,Modified to streamline series in 3.2
,,Universe,All person's born before 2003,,,
,,Internal Notes,,,,
SPN6,SPND_SRC1,Description,Sources of income and funds for spending needs,"Thinking about your experience in the last 7 days, which of the following did you or your household members use to meet your spending needs?  Select all that apply.","<blank>,1","1, 2, 3, 3.1, 3.2"
,,Values,"1) Regular income sources like those received before the pandemic
-99) Question seen but category not selected
-88) Missing / Did not report",,,Started in cycle 7
,,Universe,All person's born before 2003,,,
,,Internal Notes,,,,
SPN6,SPND_SRC2,Description,Sources of income and funds for spending needs,"Thinking about your experience in the last 7 days, which of the following did you or your household members use to meet your spending needs?  Select all that apply.","<blank>,1","1, 2, 3, 3.1, 3.2"
,,Values,"1) Credit cards or loans
-99) Question seen but category not selected
-88) Missing / Did not report",,,Added in phased 3.1
,,Universe,All person's born before 2003,,,
,,Internal Notes,,,,
SPN6,SPND_SRC3,Description,Sources of income and funds for spending needs,"Thinking about your experience in the last 7 days, which of the following did you or your household members use to meet your spending needs?  Select all that apply.","<blank>,1","1, 2, 3, 3.1, 3.2"
,,Values,"1) Money from savings or selling assets or possessions (including withdrawals from retirement accounts) 
-99) Question seen but category not selected
-88) Missing / Did not report",,,Started in cycle 7
,,Universe,All person's born before 2003,,,
,,Internal Notes,,,,
SPN6,SPND_SRC4,Description,Sources of income and funds for spending needs,"Thinking about your experience in the last 7 days, which of the following did you or your household members use to meet your spending needs?  Select all that apply.","<blank>,1","1, 2, 3, 3.1, 3.2"
,,Values,"1) Borrowing from friends or family
-99) Question seen but category not selected
-88) Missing / Did not report",,,Started in cycle 7
,,Universe,All person's born before 2003,,,
,,Internal Notes,,,,
SPN6,SPND_SRC5,Description,Sources of income and funds for spending needs,"Thinking about your experience in the last 7 days, which of the following did you or your household members use to meet your spending needs?  Select all that apply.","<blank>,1","1, 2, 3, 3.1, 3.2"
,,Values,"1) Unemployment insurance (UI) benefit payments
-99) Question seen but category not selected
-88) Missing / Did not report",,,Started in cycle 7
,,Universe,All person's born before 2003,,,
,,Internal Notes,,,,
SPN6,SPND_SRC6,Description,Sources of income and funds for spending needs,"Thinking about your experience in the last 7 days, which of the following did you or your household members use to meet your spending needs?  Select all that apply.","<blank>,1","1, 2, 3, 3.1, 3.2"
,,Values,"1) Stimulus (economic impact) payment
-99) Question seen but category not selected
-88) Missing / Did not report",,,Started in cycle 7
,,Universe,All person's born before 2003,,,
,,Internal Notes,,,,
SPN6,SPND_SRC7,Description,Sources of income and funds for spending needs,"Thinking about your experience in the last 7 days, which of the following did you or your household members use to meet your spending needs?  Select all that apply.","<blank>,1","1, 2, 3, 3.1, 3.2"
,,Values,"1) Child Tax Credit payment 
-99) Question seen but category not selected
-88) Missing / Did not report",,,Started in cycle 7
,,Universe,All person's born before 2003,,,
,,Internal Notes,,,,
SPN6,SPND_SRC8,Description,Sources of income and funds for spending needs,"Thinking about your experience in the last 7 days, which of the following did you or your household members use to meet your spending needs?  Select all that apply.","<blank>,1","1, 2, 3, 3.1, 3.2"
,,Values,"1) Money saved from deferred or forgiven payments (to meet your spending needs)
-99) Question seen but category not selected
-88) Missing / Did not report",,,Started in cycle 7
,,Universe,All person's born before 2003,,,
,,Internal Notes,,,,
SPN6,SPND_SRC9,Description,Sources of income and funds for spending needs,"Thinking about your experience in the last 7 days, which of the following did you or your household members use to meet your spending needs?  Select all that apply.","<blank>,1","2, 3, 3.1, 3.2"
,,Values,"1) Supplemental Nutrition Assistance Program (SNAP) 
-99) Question seen but category not selected
-88) Missing / Did not report",,,Started in cycle 13
,,Universe,All person's born before 2003,,,
,,Internal Notes,,,,
SPN6,SPND_SRC10,Description,Sources of income and funds for spending needs,"Thinking about your experience in the last 7 days, which of the following did you or your household members use to meet your spending needs?  Select all that apply.","<blank>,1","2, 3, 3.1, 3.2"
,,Values,"1) School meal debit/EBT cards
-99) Question seen but category not selected
-88) Missing / Did not report",,,Started in cycle 13
,,Universe,All person's born before 2003,,,
,,Internal Notes,,,,
SPN6,SPND_SRC11,Description,Sources of income and funds for spending needs,"Thinking about your experience in the last 7 days, which of the following did you or your household members use to meet your spending needs?  Select all that apply.","<blank>,1","2, 3, 3.1, 3.2"
,,Values,"1) Government rental assistance
-99) Question seen but category not selected
-88) Missing / Did not report",,,Started in cycle 13
,,Universe,All person's born before 2003,,,
,,Internal Notes,,,,
SPN6,SPND_SRC12,Description,Sources of income and funds for spending needs,"Thinking about your experience in the last 7 days, which of the following did you or your household members use to meet your spending needs?  Select all that apply.","<blank>,1","1, 2, 3, 3.1, 3.2"
,,Values,"1) Other_specify
-99) Question seen but category not selected
-88) Missing / Did not report",,,Started in cycle 7
,,Universe,All person's born before 2003,,,
,,Internal Notes,,,,
FD1,CURFOODSUF,Description,Household food sufficiency for last 7 days,"Getting enough food can also be a problem for some people.  In the last 7 days, which of these statements best describes the food eaten in your household? Select only one answer.",1:04,"1, 2, 3, 3.1, 3.2"
,,Values,"1) Enough of the kinds of food (I/we) wanted to eat 
2) Enough, but not always the kinds of food (I/we) wanted to eat
3) Sometimes not enough to eat
4) Often not enough to eat
-99) Question seen but category not selected
-88) Missing / Did not report",,,
,,Universe,All person's born before 2003,,,
,,Internal Notes,,,,
FD2,CHILDFOOD,Description,Children not eating enough because we couldn't afford enough food,"Please indicate whether the next statement was often true, sometimes true, or never true in the last 7 days for the children living in your household who are under 18 years old.  

""The children were not eating enough because we just couldn't afford enough food.""",1:03,"1, 2, 3, 3.1, 3.2"
,,Values,"1) Often true
2) Sometimes true
3) Never true
-99) Question seen but category not selected
-88) Missing / Did not report",,,Started in cycle 6
,,Universe,"If CURFOODSUF in (2, 3, 4) and HHLD_NUMKID > 0",,,
,,Internal Notes,,,,
FD3,FOODRSNRV1,Description,Why did you not have enough to eat? Couldn't afford to buy more food,"Why did you not have enough to eat
(or not what you wanted to eat)? Choose all that
apply. - Couldn’t afford to buy more food","<blank>,1","1, 2, 3, 3.1, 3.2"
,,Values,"1) Couldn’t afford to buy more food
-99) Question seen but category not selected
-88) Missing / Did not report",,,"Streamlined categories in cycle 27, Phase 3.1"
,,Universe,"If CURFOODSUF in (2, 3, 4)",,,
,,Internal Notes,,,,
FD3,FOODRSNRV2,Description,"Why did you not have enough to eat? Couldn’t get out to buy food (for example, didn’t have transportation, or had mobility or health problems that prevented you from getting out)  ","Why did you not have enough to eat
(or not what you wanted to eat)? Choose all that
apply. - Couldn’t get out to buy food (for example, didn’t have transportation, or had mobility or health problems that prevented you from getting out)  ","<blank>,1","1, 2, 3, 3.1, 3.2"
,,Values,"1) Couldn’t get to store to buy food because didn’t have transportation, have mobility or health limitations that prevent you from getting out 
-99) Question seen but category not selected
-88) Missing / Did not report  ",,,"Streamlined categories in cycle 27, Phase 3.1"
,,Universe,"If CURFOODSUF in (2, 3, 4)",,,
,,Internal Notes,,,,
FD3,FOODRSNRV3,Description,Why did you not have enough to eat? Safety concerns or no delivery,"Why did you not have enough to eat
(or not what you wanted to eat)? Choose all that
apply. - Afraid to go or didn’t want to go out to buy food","<blank>,1","1, 2, 3, 3.1, 3.2"
,,Values,"1) Couldn’t go to store due to safety concerns and delivery not available 
-99) Question seen but category not selected
-88) Missing / Did not report",,,"Streamlined categories in cycle 27, Phase 3.1"
,,Universe,"If CURFOODSUF in (2, 3, 4)",,,
,,Internal Notes,,,,
FD3,FOODRSNRV4,Description,Why did you not have enough to eat? No reason,"Why did you not have enough to eat
(or not what you wanted to eat)? Choose all that
apply. - Couldn’t get groceries or meals delivered to me","<blank>,1","1, 2, 3, 3.1, 3.2"
,,Values,"1) None 
-99) Question seen but category not selected
-88) Missing / Did not report",,,"Streamlined categories in cycle 27, Phase 3.1"
,,Universe,"If CURFOODSUF in (2, 3, 4)",,,
,,Internal Notes,This is an exclusive category,,,
FD4,FREEFOOD,Description,"During the last 7 days, did you or anyone in your household get free groceries or a free meal?","During the last 7 days, did you or anyone in your household get free groceries from a food pantry, food bank, church, or other place that helps with free food? 
Select only one answer.",1:02,"1, 2, 3, 3.1, 3.2"
,,Values,"1) Yes
2) No
-99) Question seen but category not selected
-88) Missing / Did not report",,,
,,Universe,All person's born before 2003,,,
,,Internal Notes,,,,
FD5,SCHLFDHLP1,Description,School food - Pick up meals at a school or other location,Did the student(s) …(select all that apply) ,"<blank>,1","1, 2, 3, 3.1, 3.2"
,,Values,"1) Pick up meals at a school or other location
-99) Question seen but category not selected
-88) Missing / Did not report",,,"Phase 3.1 Change in number of categories
Phase 3.2 combined with schlfood and moved to food section"
,,Universe,If HHLD_NUMKID > 0,,,
,,Internal Notes,,,,
FD5,SCHLFDHLP2,Description,School food - Receive an EBT card to help buy groceries,Did the student(s) …(select all that apply) ,"<blank>,1","1, 2, 3, 3.1, 3.2"
,,Values,"1) Receive an EBT card to help buy groceries
-99) Question seen but category not selected
-88) Missing / Did not report",,,"Phase 3.1 Change in number of categories
Phase 3.2 combined with schlfood and moved to food section"
,,Universe,If HHLD_NUMKID > 0,,,
,,Internal Notes,,,,
FD5,SCHLFDHLP3,Description,"School food - Eat meals on-site, at school or other location;",Did the student(s) …(select all that apply) ,"<blank>,1","1, 2, 3, 3.1, 3.2"
,,Values,"1) Eat meals on-site, at school or other location;
-99) Question seen but category not selected
-88) Missing / Did not report",,,"Phase 3.1 Change in number of categories
Phase 3.2 combined with schlfood and moved to food section"
,,Universe,If HHLD_NUMKID > 0,,,
,,Internal Notes,,,,
FD5,SCHLFDHLP4,Description,School food - Have meals delivered,Did the student(s) …(select all that apply) ,"<blank>,1","1, 2, 3, 3.1, 3.2"
,,Values,"1) Have meals delivered 
-99) Question seen but category not selected
-88) Missing / Did not report",,,"Phase 3.1 Change in number of categories
Phase 3.2 combined with schlfood and moved to food section"
,,Universe,If HHLD_NUMKID > 0,,,
,,Internal Notes,,,,
FD5,NOSCHLFDHLP,Description,School food - Did not receive free meals or food assistance,Did the student(s) …(select all that apply) ,"<blank>,1","1, 2, 3, 3.1, 3.2"
,,Values,"1) Children did not receive free meals or food assistance 
-99) Question seen but category not selected
-88) Missing / Did not report",,,"Phase 3.1 Change in number of categories
Phase 3.2 combined with schlfood and moved to food section"
,,Universe,If HHLD_NUMKID > 0,,,
,,Internal Notes,EXCLUSIVE OF CATEGORIES 1-4,,,
FD6,SNAP_YN,Description,SNAP Receipt,Do you or does anyone in your household receive benefits from the Supplemental Nutrition Assistance Program (SNAP) or the Food Stamp Program? Select only one answer.,1:02,"1, 2, 3, 3.1, 3.2"
,,Values,"1) Yes
2) No
-99) Question seen but category not selected
-88) Missing / Did not report",,,Phase 3.2 modifed to 'last 2 weeks'
,,Universe,All person's born before 2003,,,
,,Internal Notes,,,,
HLTH1,ANXIOUS,Description,Frequency of anxiety over previous 2 weeks,"Next, we will ask about health and medical care. 

Over the last 2 weeks, how often have you been bothered by feeling nervous, anxious, or on edge? Select only one answer.",1:04,"1, 2, 3, 3.1, 3.2"
,,Values,"1) Not at all
2) Several days
3) More than half the days
4) Nearly every day 
-99) Question seen but category not selected
-88) Missing / Did not report",,,Phase 3.2 modifed to 'last 2 weeks'
,,Universe,All person's born before 2003,,,
,,Internal Notes,,,,
HLTH2,WORRY,Description,Frequency of worry over previous 2 weeks,"Over the last 2 weeks, how often have you been bothered by the not being able to stop or control worrying? Select only one answer.",1:04,"1, 2, 3, 3.1, 3.2"
,,Values,"1) Not at all
2) Several days
3) More than half the days
4) Nearly every day 
-99) Question seen but category not selected
-88) Missing / Did not report",,,Phase 3.2 modifed to 'last 2 weeks'
,,Universe,All person's born before 2003,,,
,,Internal Notes,,,,
HLTH3,INTEREST,Description,Frequency of having little interest in things over previous 2 weeks,"Over the last 2 weeks, how often have you been bothered by having little interest or pleasure in doing things? Select only one answer.",1:04,"1, 2, 3, 3.1, 3.2"
,,Values,"1) Not at all
2) Several days
3) More than half the days
4) Nearly every day 
-99) Question seen but category not selected
-88) Missing / Did not report",,,Phase 3.2 modifed to 'last 2 weeks'
,,Universe,All person's born before 2003,,,
,,Internal Notes,,,,
HLTH4,DOWN,Description,Frequency of feeling depressed over previous 2 weeks,"Over the last 2 weeks, how often have you been bothered by feeling down, depressed, or hopeless? Select only one answer.",1:04,"1, 2, 3, 3.1, 3.2"
,,Values,"1) Not at all
2) Several days
3) More than half the days
4) Nearly every day 
-99) Question seen but category not selected
-88) Missing / Did not report",,,Phase 3.2 modifed to 'last 2 weeks'
,,Universe,All person's born before 2003,,,
,,Internal Notes,,,,
HLTH5,PRESCRIPT,Description,Prescription mental health,"At any time in the last 4 weeks, did you take prescription medication to help you with any emotions or with your concentration, behavior or mental health? Select only one answer.",1:02,"2, 3, 3.1, 3.2"
,,Values,"1) Yes
2) No
-99) Question seen but category not selected
-88) Missing / Did not report",,,
,,Universe,All person's born before 2003,,,
,,Internal Notes,,,,
HLTH6,MH_SVCS,Description,Mental health services,"At any time in the last 4 weeks, did you receive counseling or therapy from a mental health professional such as a psychiatrist, psychologist, psychiatric nurse, or clinical social worker? Include couseling or therapy online or by phone. Select only one answer.",1:02,"2, 3, 3.1, 3.2"
,,Values,"1) Yes
2) No
-99) Question seen but category not selected
-88) Missing / Did not report",,,
,,Universe,All person's born before 2003,,,
,,Internal Notes,,,,
HLTH7,MH_NOTGET,Description,Mental health not get,"At any time in the last 4 weeks, did you need counseling or therapy from a mental health professional, but DID NOT GET IT for any reason? Select only one answer.",1:02,"2, 3, 3.1, 3.2"
,,Values,"1) Yes
2) No
-99) Question seen but category not selected
-88) Missing / Did not report",,,
,,Universe,All person's born before 2003,,,
,,Internal Notes,,,,
HLTH8,HLTHINS1,Description,Health Insurance Coverage- Insurance through a current or former employer or union (through yourself or another family member),"Are you currently covered by any of the following types of health insurance or health coverage plans? Mark Yes or No for each. 
- Insurance through a current or former employer or union (through yourself or another family member)","<blank>,1,2","1, 2, 3, 3.1, 3.2"
,,Values,"1) Category marked- Insurance through a current or former employer or union (through yourself or another family member) 
2) Category marked ""No""
-99) Question seen but category not selected
-88) Missing / Did not report",,,
,,Universe,All person's born before 2003,,,
,,Internal Notes,,,,
HLTH8,HLTHINS2,Description,"Health Insurance Coverage- Insurance purchased directly from an insurance company, including marketplace coverage (through yourself or another family member)","Are you currently covered by any of the following types of health insurance or health coverage plans? Mark Yes or No for each. 
- Insurance purchased directly from an insurance company, including marketplace coverage (through yourself or another family member)","<blank>,1,2","1, 2, 3, 3.1, 3.2"
,,Values,"1) Category marked-Insurance purchased directly from an insurance company, including marketplace coverage (through yourself or another family member) 
2) Category marked ""No""
-99) Question seen but category not selected
-88) Missing / Did not report",,,
,,Universe,All person's born before 2003,,,
,,Internal Notes,,,,
HLTH8,HLTHINS3,Description,"Health Insurance Coverage- Medicare, for people 65 and older, or people with certain disabilities","Are you currently covered by any of the following types of health insurance or health coverage plans? Mark Yes or No for each. 
- Medicare, for people 65 and older, or people with certain disabilities","<blank>,1,2","1, 2, 3, 3.1, 3.2"
,,Values,"1) Category marked-Medicare, for people 65 and older, or people with certain disabilities 
2) Category marked ""No""
-99) Question seen but category not selected
-88) Missing / Did not report",,,
,,Universe,All person's born before 2003,,,
,,Internal Notes,,,,
HLTH8,HLTHINS4,Description,"Health Insurance Coverage- Medicaid, Medical Assistance, or any kind of government-assistance plan for those with low incomes or a disability","Are you currently covered by any of the following types of health insurance or health coverage plans? Mark Yes or No for each. 
- Medicaid, Medical Assistance, or any kind of government-assistance plan for those with low incomes or a disability","<blank>,1,2","1, 2, 3, 3.1, 3.2"
,,Values,"1) Category marked-Medicaid, Medical Assistance, or any kind of government-assistance plan for those with low incomes or a disability
2) Category marked ""No""
-99) Question seen but category not selected
-88) Missing / Did not report",,,
,,Universe,All person's born before 2003,,,
,,Internal Notes,,,,
HLTH8,HLTHINS5,Description,Health Insurance Coverage- TRICARE or other military health care,"Are you currently covered by any of the following types of health insurance or health coverage plans? Mark Yes or No for each. 
- TRICARE or other military health care","<blank>,1,2","1, 2, 3, 3.1, 3.2"
,,Values,"1) Category marked-TRICARE or other military health care 
2) Category marked ""No""
-99) Question seen but category not selected
-88) Missing / Did not report",,,
,,Universe,All person's born before 2003,,,
,,Internal Notes,,,,
HLTH8,HLTHINS6,Description,Health Insurance Coverage- VA (including those who have ever used or enrolled for VA health care),"Are you currently covered by any of the following types of health insurance or health coverage plans? Mark Yes or No for each. 
- VA (including those who have ever used or enrolled for VA health care)","<blank>,1,2","1, 2, 3, 3.1, 3.2"
,,Values,"1) Category marked-VA (including those who have ever used or enrolled for VA health care) 
2) Category marked ""No""
-99) Question seen but category not selected
-88) Missing / Did not report",,,
,,Universe,All person's born before 2003,,,
,,Internal Notes,,,,
HLTH8,HLTHINS7,Description,Health Insurance Coverage- Indian Health Service,"Are you currently covered by any of the following types of health insurance or health coverage plans? Mark Yes or No for each. 
- Indian Health Service","<blank>,1,2","1, 2, 3, 3.1, 3.2"
,,Values,"1) Category marked-Indian Health Service 
2) Category marked ""No""
-99) Question seen but category not selected
-88) Missing / Did not report",,,
,,Universe,All person's born before 2003,,,
,,Internal Notes,,,,
HLTH8,HLTHINS8,Description,Health Insurance Coverage- Other,"Are you currently covered by any of the following types of health insurance or health coverage plans? Mark Yes or No for each. 
- Other","<blank>,1,2","1, 2, 3, 3.1, 3.2"
,,Values,"1) Category marked- Other 
2) Category marked ""No""
-99) Question seen but category not selected
-88) Missing / Did not report",,,
,,Universe,All person's born before 2003,,,
,,Internal Notes,,,,
HLTH9,TELEHLTH,Description,Your use of telehealth / telemedicine,"At any time in the last 4 weeks, did you have an appointment with a doctor, nurse, or other health professional by video or by phone? Please only include appointments for yourself and not others in your household.",1:02,"3.1, 3.2"
,,Values,"1) Yes
2) No
-99) Question seen but category not selected
-88) Missing / Did not report",,,
,,Universe,All person's born before 2003,,,
,,Internal Notes,,,,
HLTH10,TH_ADLT_PHON,Description,Phone appointments without video,Did the appointment(s) take place over the phone without video or did the appointment(s) use video? Select all that apply.,"<blank>,1","3.1, 3.2"
,,Values,"1) Phone appointments without video 
-99) Question seen but category not selected
-88) Missing / Did not report",,,"Focused only on respondent experience, will weight to number of adults…
Modified for 3.2 to split into two categories"
,,Universe,TELEHLTH = 1,,,
,,Internal Notes,,,,
HLTH10,TH_ADLT_VID,Description,Video appointments,Did the appointment(s) take place over the phone without video or did the appointment(s) use video? Select all that apply.,"<blank>,1","3.1, 3.2"
,,Values,"1) Video appointments
-99) Question seen but category not selected
-88) Missing / Did not report",,,"Focused only on respondent experience, will weight to number of adults…
Modified for 3.2 to split into two categories"
,,Universe,TELEHLTH = 1,,,
,,Internal Notes,,,,
HLTH11,TELECHLD,Description,Childrens use of telehealth / telemedicine,"At any time in the last 4 weeks, did any children in the household have an appointment with a doctor, nurse, or other health professional by video or by phone?",1:02,"3.1, 3.2"
,,Values,"1) Yes
2) No
-99) Question seen but category not selected
-88) Missing / Did not report",,,
,,Universe,THHLD_NUMKID > 0 ,,,
,,Internal Notes,,,,
HLTH12,TH_CHLD_PHON,Description,Phone appointments without video,Did the appointment(s) take place over the phone without video or did the appointment(s) use video? Select all that apply.,"<blank>,1","3.1, 3.2"
,,Values,"1) Phone appointments without video 
-99) Question seen but category not selected
-88) Missing / Did not report",,,"Focused only on respondent experience, will weight to number of adults…
Modified for 3.2 to split into two categories"
,,Universe,TELECHLD = 1,,,
,,Internal Notes,,,,
HLTH12,TH_CHLD_VID,Description,Video appointments,Did the appointment(s) take place over the phone without video or did the appointment(s) use video? Select all that apply.,"<blank>,1","3.1, 3.2"
,,Values,"1) Video appointments
-99) Question seen but category not selected
-88) Missing / Did not report",,,"Focused only on respondent experience, will weight to number of adults…
Modified for 3.2 to split into two categories"
,,Universe,TELECHLD = 1,,,
,,Internal Notes,,,,
HLTH13,PRVNTIVE,Description,Children missed or delayed preventive check-ups,"The next question is about preventative health care for the children in your household.

At any time in the last 12 months, did any children in the household miss, delay or skip any PREVENTIVE check-ups because of the coronavirus pandemic?",1:03,"3.1, 3.2"
,,Values,"1) Yes, all children had a preventive check-up
2) Some, but not all, children had a preventive check-up
3) None of the children had a preventive check-up
-99) Question seen but category not selected
-88) Missing / Did not report",,,Phase 3.2 change to 3 categories.
,,Universe,THHLD_NUMKID > 0 ,,,
,,Internal Notes,,,,
DIS1,SEEING,Description,Limitations in seeing,"Do you have difficulty seeing, even when wearing glasses? Select one.",1:04,"3.1, 3.2"
,,Values,"1) No - no difficulty
2) Yes - some difficulty
3) Yes - a lot of difficulty
4) Cannot do at all
-99) Question seen but category not selected
-88) Missing / Did not report",,,
,,Universe,All person's born before 2003,,,
,,Internal Notes,,,,
DIS2,HEARING,Description,Limitations in hearing,"Do you have difficulty hearing, even when using a hearing aid? Select one.",1:04,"3.1, 3.2"
,,Values,"1) No - no difficulty
2) Yes - some difficulty
3) Yes - a lot of difficulty
4) Cannot do at all
-99) Question seen but category not selected
-88) Missing / Did not report",,,
,,Universe,All person's born before 2003,,,
,,Internal Notes,,,,
DIS3,REMEMBERING,Description,Limitations in remembering or concentrating,Do you have difficulty remembering or concentrating? Select one.,1:04,"3.1, 3.2"
,,Values,"1) No - no difficulty
2) Yes - some difficulty
3) Yes - a lot of difficulty
4) Cannot do at all
-99) Question seen but category not selected
-88) Missing / Did not report",,,
,,Universe,All person's born before 2003,,,
,,Internal Notes,,,,
DIS4,MOBILITY,Description,Limitations in mobility,Do you have difficulty walking or climbing stairs? Select one.,1:04,"3.1, 3.2"
,,Values,"1) No - no difficulty
2) Yes - some difficulty
3) Yes - a lot of difficulty
4) Cannot do at all
-99) Question seen but category not selected
-88) Missing / Did not report",,,
,,Universe,All person's born before 2003,,,
,,Internal Notes,,,,
HSE1,TENURE,Description,Housing owned or rented,Is your house or apartment…? Select only one answer.,1:04,"1, 2, 3, 3.1, 3.2"
,,Values,"1) Owned by you or someone in this household free and clear?
2) Owned by your or someone in this household with a mortgage or loan (including home equity loans)?
3) Rented?
4) Occupied without payment of rent?
-99) Question seen but category not selected
-88) Missing / Did not report",,,
,,Universe,All person's born before 2003,,,
,,Internal Notes,,,,
HSE2,LIVQTRRV,Description,Building Type,"Which best describes this building? Include all apartments, flats, etc., even if vacant. Select only one answer.",1:07,"2, 3, 3.1, 3.2"
,,Values,"1) A mobile home 
2) A one-family house detached from any other house 
3) A one-family house attached to one or more houses 
4) A building with 2 apartments 
5) A building with 3 or 4 apartments 
6) A building with 5 or more apartments 
7) Boat, RV, van, etc.
-99) Question seen but category not selected
-88) Missing / Did not report",,,"

03/22/2021 - Categories collapsed from 10 to 7 response options."
,,Universe,All person's born before 2003,,,
,,Internal Notes,,,,
HSE3,RENTCUR,Description,Caught up on rent,Is this household currently caught up on rent payments? Select only one answer.,1:02,"2, 3, 3.1, 3.2"
,,Values,"1) Yes
2) No
-99) Question seen but category not selected
-88) Missing / Did not report",,,
,,Universe,If TENURE = 3,,,
,,Internal Notes,,,,
HSE4,MORTCUR,Description,Caught up on mortgage,Is this household currently caught up on mortgage payments? Select only one answer.,1:02,"2, 3, 3.1, 3.2"
,,Values,"1) Yes
2) No
-99) Question seen but category not selected
-88) Missing / Did not report",,,
,,Universe,If TENURE = 2,,,
,,Internal Notes,,,,
HSE5,MORTCONF,Description,Confidence in ability to pay mortgage or rent next month,How confident are you that your household will be able to pay your next rent or mortgage payment on time? Select only one answer.,1:05,"1, 2, 3, 3.1, 3.2"
,,Values,"1) Not at all confident
2) Slightly confident
3) Moderately confident
4) Highly confident
5) Payment is/will be deferred
-99) Question seen but category not selected
-88) Missing / Did not report",,,
,,Universe,"If TENURE in (2,3)",,,
,,Internal Notes,,,,
HSE6,TMNTHSBHND,Description,Months behind in rent or mortgage,How many months behind is this household in paying your rent or mortgage? Enter number of months,1:48,3.2
,,Values,(0-48) number of months (whole number),,,
,,Universe,If RENTCUR = 2 or MORTCUR = 2,,,
,,Internal Notes,,,,
HSE7,RENTASSIST,Description,Application for emergency rental assistance,Have you or anyone in your household applied for emergency rental assistance through your state or local government to cover your unpaid rent or utility bills?,1:04,3.2
,,Values,"1) My household applied and received assistance
2) My household applied and is waiting for a response
3) My household applied and the application was denied
4) My household did not apply 
-99) Question seen but category not selected
-88) Missing / Did not report",,,
,,Universe,If RENTCUR = 2,,,
,,Internal Notes,,,,
HSE8,EVICT,Description,Eviction in next two months,How likely is it that your household will have to leave this home or apartment within the next two months because of eviction? Select only one answer.,1:04,"2, 3, 3.1, 3.2"
,,Values,"1) Very likely
2) Somewhat likely
3) Not very likely
4) Not likely at all
-99) Question seen but category not selected
-88) Missing / Did not report",,,
,,Universe,If RENTCUR = 2,,,
,,Internal Notes,,,,
HSE9,FORCLOSE,Description,Forclose in next two months,How likely is it that your household will have to leave this home within the next two months because of foreclosure? Select only one answer.,1:04,"2, 3, 3.1, 3.2"
,,Values,"1) Very likely
2) Somewhat likely
3) Not very likely
4) Not at all likely
-99) Question seen but category not selected
-88) Missing / Did not report",,,
,,Universe,If MORTCUR = 2,,,
,,Internal Notes,,,,
HSE10,ENERGY,Description,Trouble paying energy bill,"In the last 12 months, how many months did your household reduce or forego expenses for basic household necessities, such as medicine or food, in order to pay an energy bill?",1:04,3.2
,,Values,"1) Almost every month
2) Some months
3) 1 or 2 months
4) Never
-99) Question seen but category not selected
-88) Missing / Did not report",,,
,,Universe,All person's born before 2003,,,
,,Internal Notes,,,,
HSE11,HSE_TEMP,Description,Kept household at unsafe temp because of cost,"In the last 12 months, how many months did your household keep your home at a temperature that you felt was unsafe or unhealthy?",1:04,3.2
,,Values,"1) Almost every month
2) Some months
3) 1 or 2 months
4) Never
-99) Question seen but category not selected
-88) Missing / Did not report",,,
,,Universe,All person's born before 2003,,,
,,Internal Notes,,,,
HSE12,ENRGY_BILL,Description,Unable to pay full energy bill,"In the last 12 months, how many times was your household unable to pay an energy bill or unable to pay the full bill amount?",1:04,3.2
,,Values,"1) Almost every month
2) Some months
3) 1 or 2 months
4) Never
-99) Question seen but category not selected
-88) Missing / Did not report",,,
,,Universe,All person's born before 2003,,,
,,Internal Notes,,,,
ED1,SUMMER_ED1,Description,Summer educational catch-up activities,"After the end of the normal school year in the Spring of 2021, did any of the Kindergarten through 12th grade students in your household: Please select all that apply.","<blank>,1",3.2
,,Values,"1) Attend a traditional summer school program because of poor grades?
-99) Question seen but category not selected
-88) Missing / Did not report",,,
,,Universe,If ENROLLPUB > 0  or ENROLLPRV > 0 or ENROLLHMSCH > 0,,,
,,Internal Notes,,,,
ED1,SUMMER_ED2,Description,Summer educational catch-up activities,"After the end of the normal school year in the Spring of 2021, did any of the Kindergarten through 12th grade students in your household: Please select all that apply.","<blank>,1",3.2
,,Values,"1) Attend a summer school program to help students catch up with lost learning time during the pandemic?
-99) Question seen but category not selected
-88) Missing / Did not report",,,
,,Universe,If ENROLLPUB > 0  or ENROLLPRV > 0 or ENROLLHMSCH > 0,,,
,,Internal Notes,,,,
ED1,SUMMER_ED3,Description,Summer educational catch-up activities,"After the end of the normal school year in the Spring of 2021, did any of the Kindergarten through 12th grade students in your household: Please select all that apply.","<blank>,1",3.2
,,Values,"1) Attend school-led summer camps for subjects like math, science or reading?
-99) Question seen but category not selected
-88) Missing / Did not report",,,
,,Universe,If ENROLLPUB > 0  or ENROLLPRV > 0 or ENROLLHMSCH > 0,,,
,,Internal Notes,,,,
ED1,SUMMER_ED4,Description,Summer educational catch-up activities,"After the end of the normal school year in the Spring of 2021, did any of the Kindergarten through 12th grade students in your household: Please select all that apply.","<blank>,1",3.2
,,Values,"1) Work with private tutors to help students catch up with lost learning time during the pandemic?
-99) Question seen but category not selected
-88) Missing / Did not report",,,
,,Universe,If ENROLLPUB > 0  or ENROLLPRV > 0 or ENROLLHMSCH > 0,,,
,,Internal Notes,,,,
ED2,TNUM_PS,Description,Number planning to take post-secondary classes,"Before the coronavirus pandemic, how many members of your household, including yourself, were planning to take classes this fall from a college, university, community college, trade school, or other occupational school (such as a cosmetology school or a school of culinary arts)? Please enter a number. If none, enter 0.",0-40,"2, 3, 3.1, 3.2"
,,Values,"0-40
-99) Question seen but category not selected
-88) Missing / Did not report",,,
,,Universe,All person's born before 2003,,,
,,Internal Notes,,,,
ED3,PSCHNG1,Description,Changes to post-sec education plans,"For all those people counted in the previous question, has the coronavirus pandemic resulted in any of the changes listed below? Select all that apply.","<blank>,1","2, 3, 3.1, 3.2"
,,Values,"1) Plans to take classes this term have not changed
-99) Question seen but category not selected
-88) Missing / Did not report",,,Phase 3.1 - Change in stem and category wording from 'this fall' to 'this term' - exclusive of PSCHNG2-PSCHNG7
,,Universe,TNUM_PS > 0,,,
,,Internal Notes,This is an exclusive category,,,
ED3,PSCHNG2,Description,Changes to post-sec education plans,"For all those people counted in the previous question, has the coronavirus pandemic resulted in any of the changes listed below? Select all that apply.","<blank>,1","2, 3, 3.1, 3.2"
,,Values,"1) All plans to take classes this term have been canceled 
-99) Question seen but category not selected
-88) Missing / Did not report",,,Phase 3.1 - Change in stem and category wording from 'this fall' to 'this term' 
,,Universe,TNUM_PS > 0,,,
,,Internal Notes,,,,
ED3,PSCHNG3,Description,Changes to post-sec education plans,"For all those people counted in the previous question, has the coronavirus pandemic resulted in any of the changes listed below? Select all that apply.","<blank>,1","2, 3, 3.1, 3.2"
,,Values,"1) Classes are in different formats this term (for example, change from in-person to online). 
-99) Question seen but category not selected
-88) Missing / Did not report",,,Phase 3.1 - Change in stem and category wording from 'this fall' to 'this term' 
,,Universe,TNUM_PS > 0,,,
,,Internal Notes,,,,
ED3,PSCHNG4,Description,Changes to post-sec education plans,"For all those people counted in the previous question, has the coronavirus pandemic resulted in any of the changes listed below? Select all that apply.","<blank>,1","2, 3, 3.1, 3.2"
,,Values,"1) Fewer classes are being taken this term 
-99) Question seen but category not selected
-88) Missing / Did not report",,,Phase 3.1 - Change in stem and category wording from 'this fall' to 'this term' 
,,Universe,TNUM_PS > 0,,,
,,Internal Notes,,,,
ED3,PSCHNG5,Description,Changes to post-sec education plans,"For all those people counted in the previous question, has the coronavirus pandemic resulted in any of the changes listed below? Select all that apply.","<blank>,1","2, 3, 3.1, 3.2"
,,Values,"1) More classes are being taken this term
-99) Question seen but category not selected
-88) Missing / Did not report",,,Phase 3.1 - Change in stem and category wording from 'this fall' to 'this term' 
,,Universe,TNUM_PS > 0,,,
,,Internal Notes,,,,
ED3,PSCHNG6,Description,Changes to post-sec education plans,"For all those people counted in the previous question, has the coronavirus pandemic resulted in any of the changes listed below? Select all that apply.","<blank>,1","2, 3, 3.1, 3.2"
,,Values,"1) Classes are being taken from a different institution.
-99) Question seen but category not selected
-88) Missing / Did not report",,,Phase 3.1 - Change in stem and category wording from 'this fall' to 'this term' 
,,Universe,TNUM_PS > 0,,,
,,Internal Notes,,,,
ED3,PSCHNG7,Description,Changes to post-sec education plans,"For all those people counted in the previous question, has the coronavirus pandemic resulted in any of the changes listed below? Select all that apply.","<blank>,1","2, 3, 3.1, 3.2"
,,Values,"1) Classes are being taken for a different kind of certificate, or degree. 
-99) Question seen but category not selected
-88) Missing / Did not report",,,Phase 3.1 - Change in stem and category wording from 'this fall' to 'this term' 
,,Universe,TNUM_PS > 0,,,
,,Internal Notes,,,,
ED4,PSWHYCHG1,Description,Why did post-sec educ plans change?,Why did household members’ classes this term change? Select all that apply.,"<blank>,1","2, 3, 3.1, 3.2"
,,Values,"1) Had coronavirus or concerns about getting  coronavirus 
-99) Question seen but category not selected
-88) Missing / Did not report",,,Phase 3.1 - Change in stem and category wording from 'this fall' to 'this term' 
,,Universe,If PSCHNG2 = 1 or PSCHNG3 = 1 or PSCHNG4 = 1 or PSCHNG5 = 1 or PSCHNG6 = 1 or PSCHNG7 = 1,,,
,,Internal Notes,,,,
ED4,PSWHYCHG2,Description,Why did post-sec educ plans change?,Why did household members’ classes this term change? Select all that apply.,"<blank>,1","2, 3, 3.1, 3.2"
,,Values,"1) Caring for someone with coronavirus
-99) Question seen but category not selected
-88) Missing / Did not report",,,Phase 3.1 - Change in stem and category wording from 'this fall' to 'this term' 
,,Universe,If PSCHNG2 = 1 or PSCHNG3 = 1 or PSCHNG4 = 1 or PSCHNG5 = 1 or PSCHNG6 = 1 or PSCHNG7 = 1,,,
,,Internal Notes,,,,
ED4,PSWHYCHG3,Description,Why did post-sec educ plans change?,Why did household members’ classes this term change? Select all that apply.,"<blank>,1","2, 3, 3.1, 3.2"
,,Values,"1) Caring for others whose care arrangements are disrupted (e.g., loss of day care or adult care programs) 
-99) Question seen but category not selected
-88) Missing / Did not report",,,Phase 3.1 - Change in stem and category wording from 'this fall' to 'this term' 
,,Universe,If PSCHNG2 = 1 or PSCHNG3 = 1 or PSCHNG4 = 1 or PSCHNG5 = 1 or PSCHNG6 = 1 or PSCHNG7 = 1,,,
,,Internal Notes,,,,
ED4,PSWHYCHG4,Description,Why did post-sec educ plans change?,Why did household members’ classes this term change? Select all that apply.,"<blank>,1","2, 3, 3.1, 3.2"
,,Values,"1) Institution changed content or format of classes (e.g., from in-person to online)
-99) Question seen but category not selected
-88) Missing / Did not report",,,Phase 3.1 - Change in stem and category wording from 'this fall' to 'this term' 
,,Universe,If PSCHNG2 = 1 or PSCHNG3 = 1 or PSCHNG4 = 1 or PSCHNG5 = 1 or PSCHNG6 = 1 or PSCHNG7 = 1,,,
,,Internal Notes,,,,
ED4,PSWHYCHG5,Description,Why did post-sec educ plans change?,Why did household members’ classes this term change? Select all that apply.,"<blank>,1","2, 3, 3.1, 3.2"
,,Values,"1) Changes to financial aid
-99) Question seen but category not selected
-88) Missing / Did not report",,,Phase 3.1 - Change in stem and category wording from 'this fall' to 'this term' 
,,Universe,If PSCHNG2 = 1 or PSCHNG3 = 1 or PSCHNG4 = 1 or PSCHNG5 = 1 or PSCHNG6 = 1 or PSCHNG7 = 1,,,
,,Internal Notes,,,,
ED4,PSWHYCHG6,Description,Why did post-sec educ plans change?,Why did household members’ classes this term change? Select all that apply.,"<blank>,1","2, 3, 3.1, 3.2"
,,Values,"1) Changes to campus life
-99) Question seen but category not selected
-88) Missing / Did not report",,,Phase 3.1 - Change in stem and category wording from 'this fall' to 'this term' 
,,Universe,If PSCHNG2 = 1 or PSCHNG3 = 1 or PSCHNG4 = 1 or PSCHNG5 = 1 or PSCHNG6 = 1 or PSCHNG7 = 1,,,
,,Internal Notes,,,,
ED4,PSWHYCHG7,Description,Why did post-sec educ plans change?,Why did household members’ classes this term change? Select all that apply.,"<blank>,1","2, 3, 3.1, 3.2"
,,Values,"1) Uncertainty about how classes/program might change 
-99) Question seen but category not selected
-88) Missing / Did not report",,,Phase 3.1 - Change in stem and category wording from 'this fall' to 'this term' 
,,Universe,If PSCHNG2 = 1 or PSCHNG3 = 1 or PSCHNG4 = 1 or PSCHNG5 = 1 or PSCHNG6 = 1 or PSCHNG7 = 1,,,
,,Internal Notes,,,,
ED4,PSWHYCHG8,Description,Why did post-sec educ plans change?,Why did household members’ classes this term change? Select all that apply.,"<blank>,1","2, 3, 3.1, 3.2"
,,Values,"1) Not able to pay for classes/educational expenses because of changes to income from the pandemic 
-99) Question seen but category not selected
-88) Missing / Did not report",,,Phase 3.1 - Change in stem and category wording from 'this fall' to 'this term' 
,,Universe,If PSCHNG2 = 1 or PSCHNG3 = 1 or PSCHNG4 = 1 or PSCHNG5 = 1 or PSCHNG6 = 1 or PSCHNG7 = 1,,,
,,Internal Notes,,,,
ED4,PSWHYCHG9,Description,Why did post-sec educ plans change?,Why did household members’ classes this term change? Select all that apply.,"<blank>,1","2, 3, 3.1, 3.2"
,,Values,"1) Some other reason related to the pandemic, please specify  
-99) Question seen but category not selected
-88) Missing / Did not report",,,Phase 3.1 - Change in stem and category wording from 'this fall' to 'this term' 
,,Universe,If PSCHNG2 = 1 or PSCHNG3 = 1 or PSCHNG4 = 1 or PSCHNG5 = 1 or PSCHNG6 = 1 or PSCHNG7 = 1,,,
,,Internal Notes,,,,
INC1,INCOME,Description,Total household income (before taxes),In 2020 what was your total household income before taxes? Select only one answer.,1:08,"1, 2, 3, 3.1, 3.2"
,,Values,"1) Less than $25,000  
2) $25,000 - $34,999  
3) $35,000 - $49,999   
4) $50,000 - $74,999   
5) $75,000 - $99,999   
6) $100,000 - $149,999   
7) $150,000 - $199,999
8) $200,000 and above
-99) Question seen but category not selected
-88) Missing / Did not report",,,Phase 3.2 updated to ask about 2020 total household income
,,Universe,All person's born before 2003,,,
,,Internal Notes,,,,
-,ABIRTH_YEAR,Description,Year of birth allocation flag,,1:02,
,,Values,"1) Imputed
2) Not imputed",,,
,,Universe,All persons,,,
,,Internal Notes,Hot deck imputation prior to top/bottom coding.  ,,,
-,AGENID_BIRTH,Description,Gender at birth allocation flag,,1:02,
,,Values,"1) Imputed
2) Not imputed",,,
,,Universe,All persons,,,
,,Internal Notes,Hot deck imputation prior to top/bottom coding.  ,,,
-,AHISPANIC,Description,Hispanic origin allocation flag,,1:02,
,,Values,"1) Imputed
2) Not imputed",,,
,,Universe,All persons,,,
,,Internal Notes,Hot deck imputation prior to top/bottom coding.  ,,,
-,ARACE,Description,Race allocation flag,,1:02,
,,Values,"1) Imputed
2) Not imputed",,,
,,Universe,All persons,,,
,,Internal Notes,Hot deck imputation using the full set of mark all race categories prior to recode.  ,,,
-,AEDUC,Description,Educational attainment allocation flag,,1:02,
,,Values,"1) Imputed
2) Not imputed",,,
,,Universe,All persons,,,
,,Internal Notes,Hot deck imputation prior to top/bottom coding.  ,,,
-,AHHLD_NUMPER,Description,Household size allocation flag,,1:02,
,,Values,"1) Imputed
2) Not imputed",,,
,,Universe,All persons,,,
,,Internal Notes,Hot deck imputation with ratio to set proportion of adults and children prior to top/bottom coding.  ,,,
-,AHHLD_NUMKID,Description,Number of children allocation flag,,1:02,
,,Values,"1) Imputed
2) Not imputed",,,
,,Universe,All persons,,,
,,Internal Notes,Hot deck imputation with ratio to set proportion of adults and children prior to top/bottom coding.  ,,,
-,EST_ST,Description,State,,Jan-56,
,,Values,"                    '01'='Alabama'
                    '02'='Alaska'
                    '04'='Arizona'
                    '05'='Arkansas'
                    '06'='California'
                    '08'='Colorado'
                    '09'='Connecticut'
                    '10'='Delaware'
                    '11'='District of Columbia'
                    '12'='Florida'
                    '13'='Georgia'
                    '15'='Hawaii'
                    '16'='Idaho'
                    '17'='Illinois'
                    '18'='Indiana'
                    '19'='Iowa'
                    '20'='Kansas'
                    '21'='Kentucky'
                    '22'='Louisiana'
                    '23'='Maine'
                    '24'='Maryland'
                    '25'='Massachusetts'
                    '26'='Michigan'
                    '27'='Minnesota'
                    '28'='Mississippi'
                    '29'='Missouri'
                    '30'='Montana'
                    '31'='Nebraska'
                    '32'='Nevada'
                    '33'='New Hampshire'
                    '34'='New Jersey'
                    '35'='New Mexico'
                    '36'='New York'
                    '37'='North Carolina'
                    '38'='North Dakota'
                    '39'='Ohio'
                    '40'='Oklahoma'
                    '41'='Oregon'
                    '42'='Pennsylvania'
                    '44'='Rhode Island'
                    '45'='South Carolina'
                    '46'='South Dakota'
                    '47'='Tennessee'
                    '48'='Texas'
                    '49'='Utah'
                    '50'='Vermont'
                    '51'='Virginia'
                    '53'='Washington'
                    '54'='West Virginia'
                    '55'='Wisconsin'
                    '56'='Wyoming'",,,
,,Universe,,,,
,,Internal Notes,,,,
-,EST_MSA,Description,Metropolitan statistical area,,Varying,
,,Values,"35620' = New York-Newark-Jersey City, NY-NJ-PA Metro Area
'31080' = Los Angeles-Long Beach-Anaheim, CA Metro Area
'16980' = Chicago-Naperville-Elgin, IL-IN-WI Metro Area
'19100' = Dallas-Fort Worth-Arlington, TX Metro Area
'26420' = Houston-The Woodlands-Sugar Land, TX Metro Area
'47900' = Washington-Arlington-Alexandria, DC-VA-MD-WV Metro Area
'33100' = Miami-Fort Lauderdale-Pompano Beach, FL Metro Area
'37980' = Philadelphia-Camden-Wilmington, PA-NJ-DE-MD Metro Area
'12060' = Atlanta-Sandy Springs-Alpharetta, GA Metro Area
'38060' = Phoenix-Mesa-Chandler, AZ Metro Area
'14460' = Boston-Cambridge-Newton, MA-NH Metro Area
'41860' = San Francisco-Oakland-Berkeley, CA Metro Area
'40140' = Riverside-San Bernardino-Ontario, CA Metro Area
'19820' = Detroit-Warren-Dearborn, MI Metro Area
'42660' = Seattle-Tacoma-Bellevue, WA Metro Area",,,
,,Universe,,,,
,,Internal Notes,,,,
-,PWEIGHT,Description,Person level weight,,TBD,
,,Values,TBD,,,
,,Universe,,,,
,,Internal Notes,,,,
-,HWEIGHT,Description,Household level weight,-,Varying,
,,Values,,,,
,,Universe,,,,
,,Internal Notes,,,,
-,PRIVHLTH,Description,Recode of Q36 Health Insurance ,Recode of Q36 Health Insurance Variables,"1,2,3",
,,Values,"1) Yes, Has Private Health Insurance
2) No Private Health Insurance
3) Missing ",,,
,,Universe,All Persons,,,
,,Internal Notes,"/*PRIVHLTH Recode*/
privhlth=3;
If HLTHINS1=1 or HLTHINS2=1 or HLTHINS5=1 then PRIVHLTH=1; *Yes-Private;
If (HLTHINS1 in (2) and HLTHINS2 in (2) and HLTHINS5 in (2)) or 
((HLTHINS1 in (2,-99,.m) and HLTHINS2 in (2,-99,.m) and HLTHINS3 in (2,-99,.m) and HLTHINS4 in (2,-99,.m) and HLTHINS5 in (2,-99,.m) and HLTHINS6 in (2,-99,.m)) and HLTHINS7=1) then PRIVHLTH=2; *No-Private;",,,
-,PUBHLTH,Description,Recode of Q36 Health Insurance ,Recode of Q36 Health Insurance Variables,"1,2,3",
,,Values,"1) Yes, Has Public Health Insurance
2) No Public Health Insurance
3) Missing ",,,
,,Universe,All Persons,,,
,,Internal Notes,"/*PUBHLTH Recode*/
pubhlth=3;
If (HLTHINS3=1 or HLTHINS4=1 or HLTHINS6=1) then PUBHLTH=1; *Yes-Public;
If (HLTHINS3 in (2) and HLTHINS4 in (2) and HLTHINS6 in (2)) or 
((HLTHINS1 in (2,-99,.m) and HLTHINS2 in (2,-99,.m) and HLTHINS3 in (2,-99,.m) and HLTHINS4 in (2,-99,.m) and HLTHINS5 in (2,-99,.m) and HLTHINS6 in (2,-99,.m)) and HLTHINS7=1) then PUBHLTH=2; *No-Public;",,,
-,REGION,Description,Recode of EST_ST for Census Region,Recode of EST_ST for Census Region,"1,2,3,4",
,,Values,"1) Northeast
2) South
3) Midwest
4) West",,,
,,Universe,All Persons,,,
,,Internal Notes,"IF EST_ST in (09,23,25,33,34,36,42,44,50) THEN REGION = 1 (Northeast)
IF EST_ST in (01,05,10,11,12,13,21,22,24,28,37,40,45,47,48,51,54) THEN REGION = 2 (South)
IF EST_ST in (18,17,19,20,26,27,29,31,38,39,46,55) THEN REGION = 3 (Midwest)
IF EST_ST in (02,04,06,08,15,16,30,32,35,41,49,53,56) THEN REGION = 4 (West)",,,
-,SCRAM,Description,Record identifier,-,Varying,
,,Values,Varying,,,
,,Universe,All persons,,,
,,Internal Notes,Unique record ID for linking replicate weights. Was also used for longitudinal linking for cycles 1-12. ,,,
-,WEEK,Description,Week of interview,-,33,
,,Values,34,,,
,,Universe,All persons,,,
,,Internal Notes,,,,
